Liblock:0x7100D733758AB6309f5CdAe2D446CB7b49034B4a,
rLiblock:0xf178bE6A5B8200AEDa29497E8F8f60A83cd04663,
Proposal:0x4C4879C78e531196D74Cfe488d975eB5b57bC295,0x7100D733758AB6309f5CdAe2D446CB7b49034B4a,0xf178bE6A5B8200AEDa29497E8F8f60A83cd04663
Distributor:0x592D49EA846fCeE540eb9977575bDCC72f4F4acf,0x7100D733758AB6309f5CdAe2D446CB7b49034B4a
Stacking:0x087FC87c5Cf2A22fEc8e6632DC7cB059fa572E40,0x7100D733758AB6309f5CdAe2D446CB7b49034B4a,0xf178bE6A5B8200AEDa29497E8F8f60A83cd04663,0x592D49EA846fCeE540eb9977575bDCC72f4F4acf
- * - * -
Liblock: Verified
rLiblock: Verified
Proposal: Verified
Distributor: Verified
Stacking: Verified
